<odoo>
    <record id="email_template_invoice_sent" model="mail.template">
        <field name="name">Gửi Email khi phát hành hóa đơn</field>
        <field name="email_from">${(user.email or '')|safe}</field>
        <field name="subject">Hóa đơn của bạn đã được phát hành</field>
        <field name="model_id" ref="sale.model_sale_order"/>
        <field name="body_html"><![CDATA[
            <p>Xin chào ${object.partner_id.name},</p>
            <p>Hóa đơn ${object.name} của bạn đã được phát hành thành công.</p>
            <p>Chi tiết hóa đơn vui lòng xem trong hệ thống.</p>
            <p>Trân trọng cảm ơn!</p>
        ]]></field>
    </record>
</odoo>
